customer_id,avg_spend_per_visit,visit_frequency_per_month,menu_engagement_score,online_order_ratio,loyalty_years,is_high_value
1001,43.708610696262625,5,1.3533854648379422,0.43344204833543837,5,0
1002,95.56428757689245,4,9.795554408592364,0.2949923251503435,5,1
1003,75.87945476302646,2,3.181183256230861,0.016162018990640948,3,0
1004,63.8792635777333,5,6.969796385536018,0.14081866243857386,3,1
1005,24.041677639819287,8,8.551897289196503,0.438304587832957,1,0
1006,24.039506830258237,1,5.955944133129078,0.10193346150371965,9,1
1007,15.22752509513795,2,2.3783005007556057,0.3622001016855536,3,0
1008,87.95585311974416,2,7.553047936025497,0.14955767728153715,7,0
1009,64.1003510568888,1,6.402262690896247,0.49359917689801525,9,1
1010,73.72653200164409,3,7.581255304126376,0.1907872817721293,1,0
1011,11.85260448662222,4,7.927719605713785,0.11641058771692084,8,1
1012,97.29188669457949,1,9.778693309162707,0.0883279311449776,0,0
1013,84.91983767203796,7,6.16206952024039,0.36634789656068795,1,1
1014,29.110519961044854,6,4.074770014215416,0.08820274813316775,1,0
1015,26.364247048639054,2,6.836181012102133,0.26262896076081516,5,0
1016,26.506405886809045,2,1.6159663831836353,0.8231581730611879,6,0
1017,37.381801866358394,1,9.076575864894277,0.17078737399790364,2,0
1018,57.228078846901404,0,2.074429102043771,0.6349123400785474,8,1
1019,48.87505167779042,4,3.950585540972364,0.41060381086873016,4,0
1020,36.21062261782377,3,8.341708425635089,0.30169089383623005,4,0
1021,65.06676052501415,4,6.375811404976407,0.19176725092013766,3,1
1022,22.554447458683764,5,4.542719682496979,0.31698047204861385,8,1
1023,36.29301836816963,1,5.260920934375193,0.05452966529580577,7,0
1024,42.97256589643225,1,8.690926538819623,0.11646165822692993,3,0
1025,51.046298579533236,2,4.060039474539029,0.17893506302911105,3,0
1026,80.66583652537122,6,8.826847163309541,0.48066125787744024,1,1
1027,27.970640394252378,3,1.7932098787902233,0.4367385760516888,8,1
1028,56.28109945722505,3,7.991185934877676,0.4423199288608769,2,0
1029,63.31731119758382,2,8.627928697492628,0.06982757737061895,3,0
1030,14.180537144799795,6,2.6363588755360485,0.16508387594764454,6,0
1031,64.67903667112945,1,4.873118791349804,0.5021848492738299,9,1
1032,25.34717113185624,3,2.4894979719729005,0.28041178717207565,7,0
1033,15.854643368675156,1,7.35943716094796,0.5891391283560721,7,0
1034,95.39969835279999,2,5.818129912554911,0.08767755363010783,3,0
1035,96.90688297671034,4,6.717910120374889,0.15039391900116958,6,1
1036,82.7557613304815,5,2.7683827026059005,0.44130336052315194,9,1
1037,37.415239225603365,8,2.9057127584717755,0.15924736207325815,0,0
1038,18.790490260574547,2,1.3734759295891572,0.2873951414708223,5,0
1039,71.58097238609412,2,3.8986078167615674,0.3419198159965789,5,0
1040,49.61372443656412,4,6.037701952003075,0.45128151674612865,5,0
1041,20.983441136030095,0,8.721414225975959,0.16707885147002907,1,0
1042,54.56592191001432,4,7.002347027128127,0.1759590777965576,7,0
1043,13.094966900369656,3,4.918566910597763,0.5058575035945715,4,0
1044,91.83883618709038,6,9.57808102954724,0.6176872187953554,4,1
1045,33.290198344001524,2,7.473206805182487,0.29324200385798277,1,0
1046,69.62700559185838,2,9.37148682576295,0.4234644910177178,3,0
1047,38.053996848046985,3,5.748291759449491,0.2543873391735122,8,1
1048,56.80612190600297,6,3.3301384731382564,0.1678375940745747,8,1
1049,59.203925140895166,0,1.4754401772824979,0.3971813274032392,5,0
1050,26.636900997297435,4,7.534763663354655,0.2621996640764782,8,1
1051,97.26261649881027,4,2.0917269820498072,0.3211233806446609,3,1
1052,79.76195410250031,3,3.7249761544477047,0.17444615106453634,0,0
1053,94.55490474077702,4,5.792238170955077,0.36940320535707566,1,1
1054,90.5344615384884,4,6.0797492900177295,0.16720527150717418,0,1
1055,63.810998092997664,4,6.4052487728842245,0.7053099712467774,7,1
1056,92.96868115208052,1,2.4962979731473056,0.3100513637485133,8,1
1057,17.964325184672756,5,4.417636643394839,0.3604256468206961,9,1
1058,27.638457617723066,6,6.5547480440527,0.3759652161511818,5,0
1059,14.070456001948425,0,9.728369781704062,0.09643052480657646,1,0
1060,39.27972976869379,4,7.548680239297198,0.3401872769115752,5,0
1061,44.98095607205338,2,9.30343381384562,0.27829909964421146,8,1
1062,34.42141285965063,2,7.859908524827594,0.36123547284550556,2,0
1063,84.58637582367363,3,6.325452720031604,0.22072793515470343,8,1
1064,42.10779940242303,1,2.728210322227101,0.322414157578411,1,0
1065,35.28410587186427,1,7.000170867032617,0.05173255984730596,4,0
1066,58.84264748424236,5,6.610416093639164,0.4534355825034304,1,0
1067,22.68318024772864,0,6.422222534115398,0.46676103039950406,6,0
1068,82.19772826786357,2,5.408072811894167,0.45116276728179294,9,1
1069,16.709557931179376,3,5.75790943590348,0.4025268436344908,8,1
1070,98.81982429404655,2,4.0099827440629365,0.11939550085295324,6,0
1071,79.50202923669917,2,5.673814233780728,0.4308116984022526,4,0
1072,27.884411338075516,1,2.7780031511063044,0.33948246415200956,3,0
1073,10.496990541124216,1,8.246569576243392,0.516992147253811,3,0
1074,83.39152856093507,3,2.6719925922883703,0.05465015812840835,9,1
1075,73.61716094628554,1,1.7646966090051976,0.12561615116793012,7,0
1076,75.61064512368885,2,4.926214237214416,0.20281609918068888,9,1
1077,79.41433120173512,0,6.924766955554556,0.43221232005264826,9,1
1078,16.664018656068134,1,4.939451424401872,0.6036356522936738,9,1
1079,42.261915568984534,7,3.4907871875617773,0.3990758542316495,9,1
1080,20.428215357261674,6,6.023540655013966,0.17863112088353775,9,1
1081,87.67930832880342,1,4.1230210187097995,0.1339587486426285,0,0
1082,66.0968314144802,1,9.395809211139698,0.18322173253738752,4,0
1083,39.78082223673843,4,9.303806256432148,0.14166628280554644,1,0
1084,15.720251525742126,5,5.521346379748859,0.24698965090810884,8,1
1085,37.9884089544096,5,3.950955946164327,0.18181032268743014,6,0
1086,39.266498982407235,0,7.634191725609751,0.22844364526225547,9,1
1087,75.66455605042577,5,1.3304164913475998,0.18127168404905164,7,1
1088,67.38017242196918,3,5.272921054392861,0.0398615941444898,5,0
1089,89.84914683186939,7,4.026910548433002,0.4087719424606177,8,1
1090,52.49934326457544,3,9.284822965922992,0.361031551828916,5,0
1091,20.763482134447152,3,1.1080272454541429,0.2234870505069218,6,0
1092,74.19203085006956,3,5.975333881465142,0.40687663923282175,6,0
1093,78.47065437552077,4,7.6659722295996335,0.09866413522284853,8,1
1094,60.51494778125466,4,5.365161887716371,0.551829813703958,7,1
1095,79.38704619591049,3,1.7686272714644948,0.48402586358629257,0,0
1096,54.44160367279517,3,9.75215251025112,0.25416072334646694,3,0
1097,57.045954644379464,3,5.662093882384881,0.16551277294761954,6,0
1098,48.47869165226947,2,6.527676198871102,0.45220013676249593,7,0
1099,12.287721406968567,4,3.129488044367566,0.08808592190449983,6,0
1100,19.7102284293974,1,5.351482765961235,0.30627417595313106,2,0
1101,12.828626711806082,0,4.862345427624897,0.11077966091073191,3,0
1102,67.27693701374024,7,1.6740625780178537,0.4843765949647032,6,1
1103,38.2920382968694,1,1.9554431819272051,0.051623375826887294,7,0
1104,55.77136220482325,1,8.53725267656897,0.31856668550303047,6,0
1105,91.68098265334837,1,3.1583795698593122,0.16123849930236214,5,0
1106,32.43630062339874,3,2.7546244434876748,0.389733865245374,8,1
1107,46.93446307320668,1,5.544203061251253,0.1984283211714772,8,1
1108,77.99960246887439,3,7.918724182262617,0.2981974826329048,6,0
1109,30.59183489424602,6,1.5575186672108914,0.34141723179861583,7,0
1110,16.92819188459137,1,6.1912712767443026,0.26246294607876147,5,0
1111,36.077630762239124,2,2.0728939855651602,0.20488342547291913,0,0
1112,24.5099158528604,3,1.3281494574305661,0.4148041913918424,0,0
1113,93.67278871083158,3,1.4746955694599566,0.36314942289062413,5,0
1114,82.73083416079753,7,8.507476973875972,0.2418995047029626,1,1
1115,67.00633808593811,5,2.061752352652554,0.30488663906369246,7,1
1116,88.43145311689459,2,1.4063622797106277,0.1357450444609104,0,0
1117,82.33048692092031,1,4.94109898428621,0.2892393380499971,1,0
1118,26.791305299743225,7,8.595941247478223,0.20327622062089612,7,0
1119,90.330309864098,5,3.361675388403717,0.16833634167091943,5,1
1120,58.540801772408564,3,4.795413557733247,0.24502240528633396,9,1
1121,82.66961396476563,2,1.359302793073761,0.1380110984957995,1,0
1122,90.64821699311439,3,5.041706627213883,0.5333340568486841,1,0
1123,38.62031274746775,2,6.198517725734203,0.08664081953183589,6,0
1124,19.90467320749091,4,6.138163483769303,0.47181255117424836,4,0
1125,30.51416462877475,3,3.9918402295692865,0.10810459747337167,4,0
1126,48.43970097636307,3,3.8397986259682195,0.5502466552653651,7,0
1127,83.62132893302439,6,1.959612570429381,0.08373427494725688,6,1
1128,87.46575249307091,1,4.301184885816415,0.16118759337009864,8,1
1129,10.625691747807164,4,1.8954520198566818,0.5939774941661794,3,0
1130,55.967257231980916,2,7.899363502408464,0.7476640899591879,9,1
1131,47.56699028339011,2,9.696468679733673,0.31089271269351487,3,0
1132,29.98970294236572,3,9.730670110000363,0.3947407188364386,1,0
1133,20.78788306003145,3,8.785639894378544,0.36908077774029807,2,0
1134,40.385365426326516,1,6.407129344056572,0.140255728333557,0,0
1135,94.86187335212672,3,7.307791275194919,0.2721089267523984,0,0
1136,39.088263881867974,2,3.5668522241237266,0.31886759362172107,6,0
1137,56.691155956902946,4,6.676933781553585,0.03566350036917724,4,0
1138,73.27170630056601,6,5.100845944958897,0.3673877861752816,2,1
1139,42.726664214136456,5,5.338156057992393,0.11380703750529819,6,0
1140,97.46038744488646,5,7.819989043376421,0.11396458469721821,1,1
1141,96.62025654479001,3,3.537265200375265,0.15944972668335514,2,0
1142,32.66040662428277,3,3.8623565052506788,0.4435579238990447,0,0
1143,54.75236553031469,0,9.321776120157729,0.19913425131398854,7,0
1144,37.07904788350927,3,1.5060186536587503,0.42467440882164514,1,0
1145,35.63564449397209,4,5.370708685720063,0.39668025503438487,6,0
1146,13.319825261907951,6,9.215207203670756,0.5360576579789783,8,1
1147,64.86079005819072,2,6.493267070363413,0.18255380946322927,5,0
1148,55.24111209059753,1,5.9176636679091885,0.2515908928612635,1,0
1149,14.633087612499041,2,3.247697613064197,0.15275872868129697,1,0
1150,35.07818178129503,2,4.089479401580034,0.0918690106351962,8,1
1151,91.74392973699884,1,8.668435742242236,0.5840392095394881,9,1
1152,31.560570160027517,2,6.032963185916123,0.3051488265277075,7,0
1153,23.04053848821008,5,5.6326797438110185,0.14241288341075983,8,1
1154,54.05074842498067,6,1.8962174218602603,0.13457357608818138,3,0
1155,98.70854086995406,4,1.144253408096108,0.2350667502155988,3,1
1156,31.784974436035036,2,9.673166698183442,0.5270853456240896,1,0
1157,70.49219926652907,5,4.392875505581575,0.5701566765319728,9,1
1158,78.54576537958458,4,6.428917558895539,0.6387615581530763,0,1
1159,31.38737895931597,3,1.7174356586855648,0.5001149631543067,9,1
1160,75.53947137506736,4,7.148028571507419,0.27470029412662283,3,1
1161,43.10048194473279,0,9.393100378353648,0.5816977121079192,9,1
1162,66.90752475342215,2,6.180987276976777,0.4197703738127,9,1
1163,67.01767396848052,2,2.135037901378695,0.49419740322805866,7,0
1164,58.21972156672826,3,6.23549374726129,0.5007297367893635,1,0
1165,18.12607930489675,5,7.897124917941872,0.1590736422087646,7,0
1166,85.17722460303142,3,4.657748829166168,0.5026500465541401,0,0
1167,38.870205847456226,5,8.91853973147321,0.7156900879613282,0,0
1168,26.786665935986882,2,6.83814658021628,0.1482465335615184,3,0
1169,13.669762739928753,4,9.093240264602823,0.15539132768659525,6,0
1170,63.18036488694176,5,6.611547801226035,0.3981758073568669,8,1
1171,70.98079256580542,2,2.181591748043418,0.09116480090521119,4,0
1172,11.492904603507053,1,3.787225399946702,0.4703458860327593,1,0
1173,56.088375246935286,0,2.8161545342721124,0.19129744991093509,6,0
1174,30.384619767814417,4,9.179438479451761,0.4828685815785211,1,0
1175,68.06555113685049,3,7.843600605587344,0.3623025768812838,8,1
1176,25.69297861044923,4,7.087585320190055,0.23580299635919963,8,1
1177,72.18439642922193,1,3.708696876684595,0.526675828091143,2,0
1178,44.806181167048365,1,2.656402948451922,0.28481791380922755,7,0
1179,94.30569898630611,2,7.808059791900206,0.5492292753000799,3,0
1180,22.376884973139394,2,5.267421512911717,0.2912794847232887,2,0
1181,40.695971594523265,1,3.032105969355662,0.28930459638152767,0,0
1182,20.212616911653015,2,6.549597803487476,0.1943172576655615,4,0
1183,93.22242564507064,5,1.3630046692460678,0.2568018286319496,3,1
1184,88.9605418042883,2,3.9355322871542815,0.28495778597402116,0,0
1185,33.21474649436401,3,5.2170129513202115,0.5139189437752092,9,1
1186,69.39856414307611,4,2.3316250069846527,0.15188653723581788,7,1
1187,83.54999801810942,2,9.861890298317556,0.12916351941593784,7,0
1188,59.96807304395161,2,2.8818762813065284,0.15372970717067538,7,0
1189,57.66855205204058,2,2.1731781703893898,0.3848094843664479,2,0
1190,31.76670618104065,5,2.8318138649820677,0.302101831242412,5,0
1191,18.379249102530927,3,7.921550198437518,0.34373810860870335,6,0
1192,90.74941821579941,2,4.829550933446585,0.6203944682434342,8,1
1193,91.03762514469975,4,6.088743457772842,0.16096572290660865,4,1
1194,66.97913115459411,7,1.1890824128772466,0.35894938538398985,8,1
1195,40.51268119438306,1,1.309881777159831,0.4608863983270883,5,0
1196,41.42886171513948,7,5.012429948443145,0.3733895123987103,9,1
1197,75.33601109832155,3,8.349897188814612,0.10318821935725388,9,1
1198,90.73992339573194,1,8.967149908368087,0.49077725461139127,9,1
1199,89.83777818386056,2,1.780359108360762,0.3735177179906386,3,0
1200,80.18879912718614,1,5.845267918909205,0.1524740211642084,0,0
1201,67.7828481538859,4,9.219067176513434,0.5566001526992631,0,1
1202,17.572596849554394,3,4.491754789580977,0.09593915243084349,9,1
1203,24.54658426851524,2,8.466092482855318,0.06789288439240063,4,0
1204,90.86987696743714,1,2.203260889594926,0.2924061434029603,2,0
1205,64.57861536936309,2,9.418550407010189,0.24091200721285566,4,0
1206,10.827734645496669,3,7.762809857781724,0.23098518873980792,4,0
1207,19.13243885794289,3,9.472009535082115,0.43361884009772533,0,0
1208,69.71515921972502,1,7.089555101972558,0.360567269048368,7,0
1209,10.455542546159682,7,4.270635387994843,0.326502997762832,4,0
1210,24.47272462757488,2,9.443630552722501,0.045267851041886464,4,0
1211,59.38604104299275,3,3.480100986782606,0.47894204644732696,8,1
1212,72.27056779234239,4,3.9895526985555927,0.3365169038829415,7,1
1213,68.67651335523405,3,7.307275762015663,0.3573496810632437,0,0
1214,30.18423785145038,6,7.887846695728476,0.02304692999943297,2,0
1215,74.09612992127823,5,9.364631354642384,0.6483267488324725,6,1
1216,31.352417874712007,2,2.8432216815058853,0.22050800511303126,0,0
1217,39.285972834334096,1,8.181982316973016,0.059454576390462796,0,0
1218,77.18422646062217,5,7.646914480572671,0.6270061409919495,4,1
1219,68.46696091424931,3,1.574151006282381,0.16450515894670875,8,1
1220,86.43010694447601,5,4.485008270891862,0.5478308407665378,5,1
1221,69.1851603070309,1,3.5448891135408873,0.3689733765889828,9,1
1222,61.147774300192445,3,3.7404138191862737,0.35135154073592856,1,0
1223,18.43072910452832,3,9.846521915992307,0.21018467062322402,8,1
1224,43.09442227534902,3,6.784996721319351,0.43577956244381993,5,0
1225,33.86821309135529,2,7.459085420141497,0.1938735648268413,4,0
1226,31.95906790411752,1,9.789558735835083,0.1059550260411185,4,0
1227,97.57094992772011,4,4.394816042118748,0.22929161272930854,2,1
1228,45.378795220008435,1,8.216561516075254,0.4278170514213203,5,0
1229,90.2841899659402,7,4.910778669740458,0.2910197812293517,3,1
1230,66.80247633975367,2,8.825803046334817,0.2243050006034107,9,1
1231,81.53301731874836,3,2.625917871801729,0.24856909880978417,1,0
1232,55.23733837946729,3,9.529175593578517,0.5748956828804463,2,0
1233,61.92134961637232,6,2.968945375697917,0.14512899552547498,8,1
1234,54.32659244369775,2,3.935984562828384,0.36583198812673756,8,1
1235,27.571868901824004,1,7.8057301069610245,0.5716405724649886,5,0
1236,75.02069037353547,5,4.543796274088661,0.4279256672645808,9,1
1237,35.26951261967702,2,6.4739023908980196,0.04143952633102521,9,1
1238,12.188436978830845,6,5.001161509624857,0.11457259217663364,8,1
1239,68.09250663164511,3,7.6813294338080365,0.34279721211748604,3,0
1240,25.939961146634406,4,3.0549812713174975,0.32547923760541836,4,0
1241,94.64127259176229,2,1.526121885131893,0.11306137993137604,9,1
1242,95.85357193023286,0,3.699364577257596,0.10985069787993142,5,0
1243,92.33779511984037,3,5.268777983815872,0.6034842343344039,8,1
1244,43.31428302299,5,2.512180469734107,0.6808513666252455,4,0
1245,11.391095487598069,3,4.193175606907499,0.38347245287791454,7,0
1246,93.54867063289528,2,4.599847164642116,0.23898619592640447,0,0
1247,48.53657334855829,3,1.5165265931944618,0.49108983128491407,4,0
1248,96.99893371393026,3,6.249765233657841,0.3193347812233161,9,1
1249,96.72579793803276,2,8.959090851741587,0.22907425163116305,0,0
1250,86.7708509920624,2,2.3656862165774717,0.36114559207178554,9,1
1251,36.50040028626271,3,6.380272120613626,0.19583353886949093,5,0
1252,44.658795574173276,2,6.982652844197617,0.16888359877850465,6,0
1253,86.60230043651713,1,4.774012123773595,0.26592484014157614,4,0
1254,38.52298046406499,2,7.30987828627843,0.2942954129703035,0,0
1255,25.254347201748324,4,4.696583891419109,0.05630257448441794,5,0
1256,60.11211362125152,4,5.541735591796914,0.39387692230864035,9,1
1257,94.25392967447029,4,1.0661774009898428,0.1382926263563627,4,1
1258,72.64268170074757,3,7.225481027212199,0.2668225152029996,5,0
1259,61.30550530804285,3,6.95208411050252,0.38744981447736115,9,1
1260,18.745884439369167,1,1.3456078959371012,0.6045357394586784,6,0
1261,65.35065040292528,4,4.314250966556198,0.11109749205990814,6,1
1262,99.10484650938369,2,9.811286567125006,0.22004393645019488,1,0
1263,22.60756137128716,2,4.786629063117552,0.24271898618138313,2,0
1264,56.64966871273631,2,5.517508646186576,0.3698282988457394,5,0
1265,88.96357647351599,6,9.189371423437468,0.45106062434713606,2,1
1266,76.6691755978784,1,7.455356882791808,0.33942601756152874,1,0
1267,72.73141668957412,2,6.238631180118012,0.3699868620451043,3,0
1268,73.22356755883983,2,8.180242132069653,0.011562417561293156,4,0
1269,42.35420360977797,2,8.77929639810376,0.11192688888737036,9,1
1270,36.423265983804406,5,5.111992645635402,0.20198246645307633,8,1
1271,82.84250399306623,3,5.275975284386519,0.24038945332594275,2,0
1272,82.91020552112627,1,4.474458420866522,0.14264090558970063,2,0
1273,88.03650867220934,3,9.700355260166145,0.105714582863147,5,0
1274,92.19164973008242,5,7.274496288613154,0.29308857240647435,4,1
1275,56.020815897484404,4,1.7490075958726505,0.2135542114753054,5,0
1276,55.136466521847964,4,8.766636609817166,0.2411699690152992,6,0
1277,81.84656610700976,5,5.3250394675264126,0.0297646419040834,2,1
1278,68.49675376999886,2,1.618785157802387,0.24535278864592253,4,0
1279,73.1770189531933,3,5.9474552964697995,0.04605565533704079,7,0
1280,81.6213402492491,2,4.754478510781318,0.23136020637766871,3,0
1281,90.10048076358096,8,8.899744643763624,0.2016563172597508,9,1
1282,40.41956411663822,3,2.835951432484486,0.1688949642571055,1,0
1283,43.802465737594964,4,8.438181485429647,0.07701628300024141,3,0
1284,18.45837458567821,5,6.019198220669074,0.5257226367445781,1,0
1285,62.045212689655656,4,1.4914927289212214,0.24930537777620015,2,1
1286,13.234804641706788,3,9.74660771192936,0.1606966038078233,3,0
1287,51.90382163192142,3,5.6135371969287995,0.27800583049000505,3,0
1288,58.838017123681894,1,3.617891688084242,0.08117331286763434,9,1
1289,35.7887126915456,4,5.224661577903323,0.2858566293688506,8,1
1290,63.174993451210966,4,8.7207200516574,0.10151589234052812,9,1
1291,12.745022494514448,3,3.7441281194655716,0.027207937560641073,5,0
1292,13.361336987429297,2,2.734087568380303,0.07894913959886432,8,1
1293,84.03405045936924,5,2.1616412223779333,0.4923526943815525,3,1
1294,42.41715772701366,1,3.6807345855119014,0.04002220441864735,8,1
1295,21.43544613866963,7,8.020432783360391,0.07915591995244427,8,1
1296,57.001893404932396,3,5.244637286757355,0.025045195129503442,5,0
1297,79.29941977887498,4,3.04733443324186,0.22941413120257712,4,1
1298,29.423892474715885,2,2.4956649964877426,0.07225645115661723,2,0
1299,66.06014282371002,0,3.994565288593412,0.025476063731247563,4,0
1300,17.68127184943912,4,9.45931935597138,0.5552790894837634,2,0
1301,14.651354905174692,3,4.087240413310219,0.6062248412474449,4,0
1302,57.82191684113332,4,9.893116683591717,0.40503076633254176,4,0
1303,58.657160944909585,3,5.367074101888205,0.2035729545399816,1,0
1304,67.36869113483858,1,2.612475264611358,0.09250883862557054,8,1
1305,75.34822003503955,0,9.020260826141584,0.2581843837952642,6,0
1306,97.82668715162812,3,5.143198358213442,0.169531448816408,5,0
1307,56.46703134710758,2,7.38704209154072,0.08359801291075783,4,0
1308,39.06608256471214,6,9.853404248882367,0.1390481609412821,3,0
1309,81.56675752918333,2,1.451578152879766,0.35838375617487594,7,0
1310,34.37490261358668,4,1.8702510380881043,0.32665120654368396,1,0
1311,49.507427863507246,3,7.484110673164806,0.4671799799220312,7,0
1312,17.061074320803936,7,3.536425029659248,0.6504893754019315,0,0
1313,12.281566907391175,5,2.6587125725508916,0.04808582591520726,9,1
1314,96.63835732101326,4,1.3542569183775655,0.2517142920358486,0,1
1315,85.23821084609853,1,1.1966204078758162,0.2185953918500193,2,0
1316,72.63767854843282,6,7.970370428078118,0.5012671054135056,4,1
1317,46.80576499728429,1,2.20990084632595,0.03901858277736634,5,0
1318,25.59648880637612,2,5.209485543740358,0.16411381852788381,3,0
1319,24.079333840397744,1,6.453071336615347,0.1100129318417727,6,0
1320,32.52186083481358,3,4.855166205119616,0.4036228442603848,6,0
1321,59.43039982355084,2,1.243959871026098,0.5884052737555813,1,0
1322,74.31363304300561,1,8.05151352329118,0.09436253126281392,1,0
1323,69.41776390459582,0,1.0946190208748814,0.221980169800084,1,0
1324,35.19405072513486,1,7.857009049397356,0.41716282839839613,1,0
1325,95.93787525968747,1,9.039740444093104,0.054798863191734534,8,1
1326,76.41072250261917,5,4.8955592895145505,0.5440499797207891,4,1
1327,59.891864726026064,2,5.8198822578801845,0.07707171240538534,7,0
1328,65.0548671610917,6,5.292850533558884,0.10599056376427413,4,1
1329,47.764005618501095,2,4.502877567610949,0.3977687172255096,4,0
1330,32.29578905510417,5,8.986820818333243,0.4756291438583263,0,0
1331,42.03754107861354,2,9.045401596029915,0.4827320029612771,5,0
1332,78.20614994179321,1,4.02234728177381,0.013686890704651396,3,0
1333,11.295413976678027,1,6.535627786132282,0.05401685797482768,2,0
1334,20.44653764562246,2,9.342168059312778,0.2399786045193298,5,0
1335,14.140237781957747,3,9.658526490472164,0.5490002687986354,1,0
1336,13.665592208707313,2,5.580631363798428,0.14461316454237547,7,0
1337,86.99145256099065,1,5.075423247558941,0.32094958297957266,0,0
1338,73.32920734420213,5,3.508248843356732,0.08163153774516423,8,1
1339,52.67564461785927,5,9.629846858713691,0.05932741380136021,7,0
1340,18.805074458590134,2,2.2853287402558062,0.10459397791829704,0,0
1341,54.24542876051491,1,6.218466184429525,0.062157565764822516,9,1
1342,52.61245937025091,3,3.54295240766775,0.19910076038934504,8,1
1343,25.588168291901365,0,3.5110746131301696,0.5689400558549863,1,0
1344,49.04664843141757,2,4.6447172863856965,0.15238426188690307,2,0
1345,45.86542609576361,6,9.989136422340891,0.3841939454338455,1,0
1346,65.42650882469948,7,1.4946967615583986,0.05474617731609722,7,1
1347,67.15842857808794,3,6.206876363831783,0.13145278216012585,1,0
1348,14.077360879484006,3,1.7431494223174946,0.1015179095739813,9,1
1349,43.71513531638241,3,2.3906874699146705,0.2305953239429473,1,0
1350,66.32739241428128,1,4.956066475956088,0.18703133687871995,0,0
1351,55.28226327220789,3,5.594141182117972,0.3844857652051646,6,0
1352,87.08408570694901,4,3.329131675280716,0.5426413893025157,1,1
1353,69.28242684570505,4,3.8481141778697454,0.18685433014504754,9,1
1354,24.664098437328672,1,1.7827031823033974,0.07045176333490985,4,0
1355,16.351187266038686,3,3.7289780545982545,0.43636429096268614,4,0
1356,67.8177350385684,0,9.699025954424897,0.11511748375496175,2,0
1357,12.386017948745963,2,9.502366435052336,0.4661714127521316,2,0
1358,62.7198023146117,4,4.013904611232865,0.28864645657603083,2,1
1359,94.62072172824618,6,6.137685426508854,0.11574908908158701,5,1
1360,61.792676008829105,3,9.1863585199985,0.5543048697823805,3,0
1361,44.935293358586975,2,1.0556544037680702,0.6218640404647496,2,0
1362,67.89593965981179,4,8.296152133038326,0.1206966513686369,1,1
1363,51.2427601442365,2,9.535325975100271,0.22397682691561102,2,0
1364,59.105511038434145,4,1.8219316090020135,0.4513966530468541,3,0
1365,94.73183278988726,2,2.4530291742962893,0.17462920415740954,5,0
1366,44.74923740206968,6,9.646716724942198,0.2731642097778833,3,0
1367,96.50715074415228,2,5.837861292763117,0.2962663933129895,7,0
1368,91.48155777604573,0,1.1277697102455133,0.19730502283150972,2,0
1369,27.62120213103668,5,3.3186879888717624,0.26241605226009795,2,0
1370,16.24251707876489,3,5.0494930684197366,0.2840049073408374,2,0
1371,19.070020123968398,2,7.236180199222909,0.11111102850573637,7,0
1372,11.639964308639476,5,7.5984434032311965,0.3976804993449894,3,0
1373,18.499866468033556,4,9.958793616329105,0.5671312839605828,0,0
1374,71.47060960747211,4,3.5876007944538313,0.5272960882699431,1,1
1375,16.40697836142061,7,5.843980916816277,0.2738127377688755,9,1
1376,38.70780672643852,2,5.799911930736445,0.5279553233236135,1,0
1377,86.03877798725091,2,4.650807335025138,0.29924876134164385,2,0
1378,12.094474216224327,5,2.522457044581782,0.17593301352795557,5,0
1379,83.30216343300422,4,9.797109068654583,0.07799473747417748,7,1
1380,35.36692972960599,3,8.679854679999275,0.25986062871172716,0,0
1381,20.634834485949064,2,5.4849972546481345,0.31903101731767336,8,1
1382,72.70634488277356,4,6.429208804156268,0.1265269367906354,0,1
1383,66.60485621018955,4,3.045349482036961,0.18629865785411306,9,1
1384,88.97248121743476,5,5.894083633525722,0.2999891089606075,1,1
1385,76.15639394234972,1,7.254731198093283,0.3841764081129712,2,0
1386,82.31328373463637,2,5.636503255479299,0.34732059330563014,6,0
1387,35.38311153141758,1,9.912566535264471,0.36957338942212004,8,1
1388,25.969558940175055,4,6.502074906229535,0.4288108037673238,2,0
1389,77.55532764767725,1,4.338763413329522,0.0955496581730861,7,0
1390,82.61512653405376,3,7.949368248542543,0.13469246735527082,8,1
1391,99.1454627800606,1,2.5341626042347785,0.10409774527240002,9,1
1392,47.135590922028385,2,4.4606423233563985,0.48538151098153054,6,0
1393,43.481627721350485,5,4.122630553398272,0.28724394865023817,3,0
1394,79.87716646677971,4,4.886263855969995,0.1642205970477729,3,1
1395,40.672318622771606,3,8.036018433358537,0.09169251670027496,3,0
1396,93.76815930432082,3,5.357557289470667,0.26547676210812027,5,0
1397,87.25714766587106,5,8.146130052393664,0.15395322045598334,3,1
1398,48.609462463751655,3,6.1884001282587935,0.44511823729718447,4,0
1399,77.57839610123476,2,4.0786249119179985,0.4527895120244616,8,1
1400,77.90885866762142,1,8.289808693151253,0.2319914797741089,6,0
1401,19.281148195233936,2,3.1446070349778243,0.25003083885778055,7,0
1402,91.229761601161,1,3.0194468181981593,0.552116421416855,4,0
1403,55.472713520307146,2,5.540526316493522,0.4331289614016399,4,0
1404,84.38117194969675,1,3.3476432136588,0.44131200235284157,6,0
1405,38.804464092755055,3,1.0817833145609468,0.43922560050143444,7,0
1406,90.59709056465805,3,6.834677745689214,0.08390461351891026,8,1
1407,45.02815108607468,6,5.5998443932515825,0.09596398201491095,1,0
1408,10.975388633226853,5,5.009660330438451,0.12439433566002098,2,0
1409,91.48437787773373,6,9.702716631564838,0.29679762268035137,1,1
1410,18.21580091075202,1,6.140792655666223,0.349915626707712,9,1
1411,38.738227383137335,2,8.77088420010446,0.18765781310949467,6,0
1412,95.50557703457244,4,2.2550521258464418,0.6040188429020885,1,1
1413,95.55464322438004,2,6.122858168164849,0.13806364799365195,1,0
1414,61.60940993109575,1,8.811816640578126,0.5803000722464114,1,0
1415,66.86534909528193,4,6.247951815519082,0.0846730133021795,3,1
1416,50.36009697804878,4,7.4621276031430135,0.266758290796249,0,0
1417,36.388969452825805,1,4.348392110309867,0.046595230593701686,1,0
1418,39.57980908329244,4,1.8320456533335996,0.059959329900666276,2,0
1419,70.52666104693346,3,5.121102656143643,0.48154663005613413,6,0
1420,77.7137076493912,1,4.550314517549718,0.25775200005042553,9,1
1421,81.24211393532637,2,8.803541641410526,0.06109665517198732,0,0
1422,81.06563285150985,1,3.1959577211722503,0.22866508375973285,5,0
1423,18.208549274382133,2,9.700608047815972,0.12473876997184778,2,0
1424,54.49782742323233,2,9.623243078240465,0.7381382844928185,2,0
1425,15.180288401497986,3,3.2286847876429485,0.524191906951158,3,0
1426,59.4575994091362,4,4.132467599295884,0.6538755719587791,3,0
1427,49.73774512360393,4,9.060001667864965,0.41479562378173657,6,0
1428,89.89337644824698,0,9.699599988064968,0.3667411462107907,2,0
1429,41.58235112968708,3,4.990951925524397,0.1474977481447311,7,0
1430,20.536031478484528,0,3.8889734107680805,0.033013633633640835,7,0
1431,22.869251384755227,3,5.734846119263878,0.3512018191369111,6,0
1432,78.5359568545725,1,7.189922857291613,0.43094641288532703,1,0
1433,65.63962569846349,4,3.461270638374818,0.3537129591079247,4,1
1434,19.10104085105112,5,7.6282585715716555,0.5189475495289342,5,0
1435,17.56961255034977,1,1.4649162140317693,0.18026639616277212,9,1
1436,73.0872218313208,3,1.443650434879748,0.2949336164444326,3,0
1437,16.548670572777418,3,4.476589346309907,0.10375610688926082,9,1
1438,83.96740533613206,3,4.181258728546485,0.29944888184741514,4,0
1439,73.56180044408465,2,3.8406989383043704,0.4900683229109635,8,1
1440,17.32139025777098,3,5.41917786402019,0.3006411578892512,6,0
1441,17.635394267667273,3,3.886602240804141,0.24519489937796712,1,0
1442,98.7975620651058,4,2.7303212662128273,0.18494744084423825,0,1
1443,43.68437161805083,3,3.785225941797408,0.4085736467082054,1,0
1444,43.357793236020186,1,9.774138455292114,0.1572300004903431,2,0
1445,83.15196105317523,2,4.7000207529536375,0.5443911094372088,1,0
1446,95.25237196454728,4,5.002414991725022,0.6558560544032744,2,1
1447,98.74009574405838,1,6.18890490956026,0.1428845610471721,9,1
1448,77.80403667330475,4,9.85006691572804,0.18931859877353682,8,1
1449,43.86336269778242,2,3.174411487921867,0.10156261176120097,3,0
1450,17.51506450288019,1,7.131538994791905,0.47365083298372146,8,1
1451,79.94322243346932,5,7.443862241875517,0.07234985258259373,2,1
1452,60.256382476222456,6,6.465919751137593,0.26535708133430946,0,1
1453,48.17998083222786,1,1.7972050567297968,0.10692885856560388,4,0
1454,91.57189465852623,7,7.091850482448188,0.34688587484238415,9,1
1455,20.00777340755362,4,1.5768523993255794,0.4304959251676736,9,1
1456,54.336259386177325,3,6.365283845949072,0.2938052444561191,1,0
1457,11.021828029067716,3,7.656230594995684,0.02709785104597574,3,0
1458,52.17945777947136,0,2.898729015579554,0.34899147292574534,1,0
1459,15.067294811365361,3,8.574598067884967,0.031693896768984285,1,0
1460,20.693612464126474,3,1.2731842497970383,0.24825628132000852,2,0
1461,20.57736220993944,1,8.594315772924755,0.3095135812007275,4,0
1462,68.42892719044572,0,5.142961455784886,0.0965056871905323,3,0
1463,77.1440391338881,2,2.9582914593848004,0.16144888979377933,1,0
1464,62.503188858744366,4,2.204003304945712,0.3303267961941011,9,1
1465,96.59552936270877,6,9.579764508241354,0.6169928598711879,1,1
1466,43.73835215713336,3,1.6539902882304105,0.5994991332580212,5,0
1467,35.714087765367466,3,2.791840779423331,0.2632375631228594,6,0
1468,88.17392153705143,2,4.1304011268974135,0.24385431785175307,9,1
1469,30.123625466750738,1,6.582113640650084,0.09524861338223088,5,0
1470,96.69002854965501,0,5.903209767484886,0.12127351859437482,6,0
1471,11.09390272208347,2,2.1307914317108256,0.2574127827935963,0,0
1472,97.28909440368751,6,3.6075518536439315,0.4954018856743464,5,1
1473,13.884392075551851,6,3.1487659397742167,0.2918469206617941,2,0
1474,90.2028802328264,3,2.9218856904130726,0.1568669083609736,0,0
1475,57.49309981776699,3,4.7002990283198836,0.15357905196838312,7,0
1476,99.36683165073703,2,7.336283073324912,0.2012594565849169,3,0
1477,16.641690826185897,5,2.9570763899551236,0.13505278328534262,9,1
1478,59.846885596118874,3,4.300109917326832,0.10339567899744107,7,0
1479,97.2372282057189,2,4.5182568415704605,0.12768374810929828,9,1
1480,57.078805975313394,2,9.788108764918691,0.2605195557313572,3,0
1481,66.64587743217363,2,9.59199721191162,0.07828099543323315,3,0
1482,72.61738200861555,3,8.201238244768684,0.046165892021985656,9,1
1483,50.90869582909959,1,3.1749302873726664,0.29602927051807154,3,0
1484,66.4802272075657,6,1.6123358268250272,0.23576262854476315,5,1
1485,62.58828807307902,4,3.852137239485623,0.46190167138667404,8,1
1486,91.10422094418901,6,3.4011509449044777,0.5580726031149853,4,1
1487,14.090174230731208,2,5.553332201317545,0.1385540970621547,9,1
1488,35.28668706330073,5,7.999551190610138,0.35332472262851405,7,0
1489,95.53703356689029,2,8.724906449909723,0.07509556103290278,7,0
1490,90.12374055018248,3,8.603776768694576,0.12405688300313654,3,0
1491,51.009107750714165,6,4.237080051007609,0.28414219725112577,9,1
1492,65.81193380213831,6,7.185109091146146,0.3176889926704476,8,1
1493,34.96430646830194,5,3.8155077777179804,0.10034118568958902,8,1
1494,26.930904375138518,4,1.5481498891166443,0.43954005442588073,4,0
1495,51.7328564445984,3,7.314087390426481,0.5213889439251139,5,0
1496,41.80170052234475,1,1.0884479731280905,0.24521197488382013,4,0
1497,62.529050066578485,4,4.682643287126397,0.10206847655757048,2,1
1498,16.996117326848637,3,3.9644134237186814,0.054019350000322035,7,0
1499,97.69553268995499,4,7.240397846669672,0.8170765329830708,8,1
1500,98.75896700316426,2,7.89620925484341,0.058405899955161225,3,0
1501,72.83455426177706,2,3.7368517237415544,0.045515817062133354,8,1
1502,58.24867297097084,4,8.304643130003681,0.21805902309978983,8,1
1503,37.8574854657695,4,3.645250844544404,0.18450276628264942,6,0
1504,83.24155177362537,1,5.016937239879051,0.20445861019629388,7,0
1505,71.62580552984913,2,7.543166743127205,0.1563981346116645,2,0
1506,24.635524541040215,4,7.236282063023097,0.6582363826972707,4,0
1507,91.98344660444582,2,9.8863162508098,0.6456124922474474,2,0
1508,84.0283518630852,3,3.026449217943387,0.4296649429184221,6,0
1509,95.48199219627317,5,6.960861221856241,0.443888425178641,5,1
1510,75.3147557549524,2,6.487137174481997,0.3784764368606893,2,0
1511,65.20736763422109,2,9.235886090410268,0.16493292464028853,8,1
1512,47.6418732661557,2,2.4072592748038755,0.13990442360402144,0,0
1513,93.94556350186119,2,7.766183472282397,0.32047934181097637,9,1
1514,87.94575005503675,4,6.114417546418915,0.08698946394335706,2,1
1515,14.069680309557047,2,3.4719928280911487,0.31543604841575734,9,1
1516,12.37302770475268,2,5.269914227324567,0.3724813143237501,6,0
1517,43.881703019024464,3,4.00398937362818,0.07918075235227699,2,0
1518,82.94979977036496,2,6.213820625096148,0.16752766124063004,2,0
1519,98.854851638345,2,9.001005497331994,0.2527066913920074,1,0
1520,23.537520199317537,2,6.123744859709818,0.1278349774343418,8,1
1521,63.47176438169216,5,6.685501764939256,0.06748006363767217,3,1
1522,44.28017709679194,4,5.668730624032385,0.1310419341953244,9,1
1523,97.29229580331429,4,1.4604895580092832,0.7205110543804507,5,1
1524,85.79070308221378,4,3.0957270118848483,0.15635727291665436,1,1
1525,85.44958342400241,4,5.428015564888745,0.6348619486976429,8,1
1526,52.18238438154732,4,3.792117553702343,0.33319647356953386,6,0
1527,47.33375521038987,0,2.635872379850748,0.45263967823191,9,1
1528,34.60663647376356,1,5.537195577265945,0.2251653353895513,4,0
1529,15.073794698583441,4,3.905288141030653,0.4704690171113041,6,0
1530,87.82501386295479,1,3.3229687885607326,0.12403134395081025,3,0
1531,83.16109082170698,4,5.175868756963427,0.44431566563839997,9,1
1532,99.97459059575175,1,2.1995583227395583,0.20094709605752145,6,0
1533,99.69731533665149,2,9.349711597678667,0.1875257311542112,1,0
1534,59.988853504236474,2,8.809318881273152,0.2515807620146965,6,0
1535,79.20886736624594,1,7.368585271664818,0.3927590028822888,3,0
1536,95.02891568941853,4,1.955924448296106,0.08991902313543458,3,1
1537,86.46826516096704,7,7.982895290227237,0.1155223258179043,0,1
1538,32.26132915688779,3,8.27161595298117,0.26452582687920206,2,0
1539,50.54897217790842,4,7.9098815594290395,0.3721155585247069,4,0
1540,21.62434736363455,5,2.0256929840731703,0.34702167983064325,4,0
1541,95.86459245328501,3,6.795171613609883,0.18712721278400654,1,0
1542,64.5557171005792,2,8.508923161744587,0.373261428450588,3,0
1543,30.577852495311646,3,6.1961806109770095,0.385400960712383,0,0
1544,70.4530615965271,2,6.8176663770528005,0.17420886985329362,8,1
1545,65.63154164121062,2,5.1252713148367555,0.29301098675525467,0,0
1546,42.23464462295564,4,5.758365878956473,0.21003403823757016,5,0
1547,20.220183297966614,1,1.309391725165527,0.39042475551472744,6,0
1548,70.44158760335196,5,6.750667197759562,0.09152534073782655,2,1
1549,56.827693081341394,2,1.7330249160204327,0.1736098621322419,0,0
1550,79.50865525620753,3,4.91513134906201,0.3625175720404671,6,0
1551,56.814715100079404,6,3.6338958790066704,0.36375524218572924,2,0
1552,86.69633502866861,3,5.908851551905418,0.1912718932390342,9,1
1553,59.6716154897037,3,2.2007470197088637,0.12169411047789568,5,0
1554,60.484417438184764,7,7.224790617759863,0.29368164776626776,5,1
1555,88.89882423925106,3,8.155103832356234,0.3495692961005619,3,0
1556,46.31345795911573,1,2.4701900476884084,0.18533441328679676,5,0
1557,22.061370560557666,0,1.9388177861669393,0.1795275136936569,9,1
1558,12.590440868200508,3,2.3096393450862323,0.3584944292236964,3,0
1559,77.9623530106257,1,8.894148057086515,0.4685066703147199,7,0
1560,65.82785962181183,2,5.753703355807206,0.3787146092073212,8,1
1561,73.36717912893012,1,5.2053489640675235,0.18143931847922096,1,0
1562,29.166774535801967,3,1.9604063719211884,0.18070883961309833,6,0
1563,22.27343280280928,1,6.846004060812656,0.18157819616748677,8,1
1564,11.309019910109374,2,8.811996327055809,0.17923259377729386,8,1
1565,41.55288029259373,4,8.453672823911077,0.10702527422783023,4,0
1566,63.09259181691698,3,6.634492380827211,0.3459859915429232,0,0
1567,45.30196405897591,4,1.6775084498650625,0.26513288415612274,5,0
1568,49.37274298213561,2,2.011573244584117,0.40301583922482553,7,0
1569,91.37428250443736,2,1.443780883988422,0.16373665897506642,0,0
1570,41.34299203209703,3,3.3173129484322237,0.2638583189192982,1,0
1571,56.25905402438297,1,2.2209532044433997,0.28872783367796523,0,0
1572,80.52877114670288,2,3.3404323622719048,0.0681712306797419,4,0
1573,45.68885040891431,4,4.465522501470655,0.36501975474848986,1,0
1574,65.98780302050861,6,9.48684505664022,0.5399241691838109,9,1
1575,87.61273378720706,4,6.493384538035229,0.2584675985065914,9,1
1576,95.45685612918778,1,8.514764071146661,0.4185300298721976,3,0
1577,23.236613283613416,4,7.39316350641099,0.05501414744390903,0,0
1578,93.3928862645345,4,2.0125281747396855,0.3147944112243434,6,1
1579,54.29046637715844,1,7.62328365736554,0.08993006278747237,7,0
1580,33.24199494690625,5,3.4758899340321197,0.6892924487675052,4,0
1581,51.322218061443515,2,6.751970622952357,0.08188221165316995,1,0
1582,98.20293177569293,1,4.068657762786897,0.08482881537848014,7,0
1583,54.33562845935826,4,9.979050369381932,0.21946172363190974,0,0
1584,39.587644925875736,3,3.3719633154710005,0.031092371135975877,6,0
1585,67.00607688850532,3,3.512174236968427,0.22725692467018208,0,0
1586,31.613105690037376,6,9.376050300061586,0.20209278721418783,5,0
1587,16.827699529779753,4,1.221799641726904,0.46847425711026786,5,0
1588,21.59917497195843,9,7.270200890858772,0.3864082446910496,4,0
1589,21.52412550619952,3,7.527937516622903,0.17019716210677308,1,0
1590,23.67124241610649,2,8.527407196693595,0.16282911714008308,1,0
1591,22.49444553844691,3,9.769953795746279,0.04140745523554081,8,1
1592,67.67872703228932,2,9.780417272409872,0.35449734111840575,4,0
1593,26.369207595923033,5,1.587490818098175,0.29431314907761674,4,0
1594,41.11005549914769,4,8.396553904776123,0.06401148885377546,6,0
1595,90.71095689154106,3,6.816789402916432,0.13378273157486514,5,0
1596,52.65654762365851,5,6.826079209357821,0.5110820487911417,1,0
1597,70.08019646689245,3,2.155149339532253,0.32984701684850637,0,0
1598,25.508788408146685,1,6.85168449801088,0.42849572005357334,4,0
1599,27.30601169278037,3,9.84234322541123,0.3345522945686174,3,0
1600,13.678175463983099,7,9.206367125855023,0.11700128241395741,2,0
1601,25.20415567649481,3,4.952175947243655,0.09601089358050187,1,0
1602,35.073130512876276,2,1.359531759574849,0.18433829535021404,9,1
1603,25.93094358490721,5,4.260641410001844,0.07576722730190531,1,0
1604,17.983228038135007,2,8.437512804404998,0.49151848288819266,3,0
1605,20.857228399054073,4,7.313491913186494,0.15350555906641514,1,0
1606,51.47008912294532,1,5.134092900345608,0.17289677614981863,3,0
1607,28.570034656521326,3,1.4959138164294798,0.3902433201528081,2,0
1608,42.78428749432679,8,4.842052550409724,0.21608101052319967,8,1
1609,55.30755437693712,3,5.221224457460951,0.41454667348732543,6,0
1610,72.13553457664288,5,9.356999796047223,0.1301164906829611,2,1
1611,13.538092585698905,6,6.769774932239435,0.19101336279154535,7,0
1612,81.94693590181384,5,3.80487624989184,0.19091371035363117,8,1
1613,66.5110350541817,4,5.727864380056492,0.4443273106283876,6,1
1614,17.35831287539847,3,1.5944977703994407,0.3409578310685557,5,0
1615,88.62207616960995,4,9.75311412084763,0.1047969118137294,3,1
1616,92.87851604786319,0,4.240539117376534,0.1171897855180035,4,0
1617,15.497016386937737,8,5.3008061942182225,0.44381078965564463,7,0
1618,34.918988333248336,2,4.197555768132303,0.1479423157108346,2,0
1619,82.55811518137551,4,7.142605571045801,0.25366514027494846,1,1
1620,77.34337213452925,0,6.960089424966338,0.6217119229428879,2,0
1621,26.60689174207396,1,7.43790079476222,0.6645913867609115,6,0
1622,28.841439100303926,7,3.4132890665072875,0.5879682418729972,7,0
1623,43.34248925122438,4,3.841016330476594,0.2487528998212061,0,0
1624,53.60706866719192,5,2.1272610798658715,0.36691761304288767,6,0
1625,65.64292943772664,1,6.899589746615013,0.364422807110923,8,1
1626,43.202227561279514,5,1.358174146020873,0.1620010944168484,2,0
1627,51.62812445198331,1,6.379141019711131,0.286359788412735,2,0
1628,77.2723844320381,2,8.827262963664705,0.19587631923597457,7,0
1629,13.30148826015381,1,9.0174893346067,0.2532480207651408,3,0
1630,32.719324990961866,4,5.041339843329655,0.13239585807493112,7,0
1631,74.20146272960972,3,5.133733193917664,0.08731466035071211,4,0
1632,90.56861539184794,1,1.6927226470721561,0.38913601657164704,2,0
1633,56.05096979040995,3,7.036885228987321,0.21786626876279808,3,0
1634,57.89021367387841,2,8.39133478335561,0.19536814253421872,3,0
1635,19.645481020579844,2,3.2018954914424174,0.33679022213165083,7,0
1636,50.26711301411092,1,4.791707934700282,0.26553559971557084,5,0
1637,57.935553980952086,3,8.549554030887434,0.22225334959995144,6,0
1638,31.82234532712567,2,8.894084208960592,0.1492909456011098,8,1
1639,34.231890785444286,3,3.1886198223780333,0.2640990281252531,5,0
1640,43.95557467941604,3,5.955135710872278,0.3464905194491464,2,0
1641,11.806407799995373,5,2.7324383557224436,0.2983107625754434,2,0
1642,38.987124902486045,6,1.916908877256009,0.878563393877836,2,0
1643,29.03032062968902,3,9.200084512527617,0.20532405443596444,9,1
1644,39.474761696012315,5,8.384567538088982,0.19119082945798285,1,0
1645,20.778591863732608,2,7.840314116228565,0.23357800906393436,0,0
1646,90.14745526659054,2,1.4388968693182638,0.2738851582670634,9,1
1647,63.42332081986438,4,8.593559134392317,0.1680554627960744,0,1
1648,71.11920872300406,3,4.942396683148454,0.45154679158076894,3,0
1649,81.02541147466044,2,4.081556109662737,0.27446189832217743,2,0
1650,54.85979790361515,1,5.9182872492283884,0.05141799917428181,4,0
1651,17.82282592786813,5,1.8221791845120023,0.03218678524608391,8,1
1652,58.3395887636693,3,7.80981894417159,0.22465120370875713,7,0
1653,62.815700621879124,4,6.241915691994663,0.0049203118416235635,8,1
1654,77.0895526765897,1,2.6793108718585077,0.25731290349213237,4,0
1655,48.84935916067114,3,2.6940897979214102,0.05412448429296797,7,0
1656,21.48222725160074,4,2.658237864154068,0.03332331797206761,3,0
1657,35.539831521885205,2,1.5130214879674058,0.5365630900310587,4,0
1658,42.67740667587716,2,6.290186044345163,0.2224906151062054,2,0
1659,68.13255171984412,2,8.563133598296574,0.05996581608434402,4,0
1660,61.37004742020207,4,1.1574839258864973,0.05149202462126227,2,1
1661,42.048705330806165,5,1.441041804741462,0.5020576636285047,4,0
1662,98.78637239136818,2,6.154932490182512,0.1522904699580381,4,0
1663,64.51973374211984,2,8.375461168474471,0.04808576238800976,5,0
1664,31.350411256239504,4,3.9406500151177024,0.06981267325609891,8,1
1665,19.160422535836336,0,4.146529589269499,0.5411190772796683,0,0
1666,23.75732252658988,3,6.367118477470983,0.0724376361378188,9,1
1667,32.136195554605735,0,3.467916002117323,0.1553410283323512,5,0
1668,24.46132359336001,2,1.2394752946991572,0.2710546922893456,0,0
1669,26.79103216461752,2,7.617056662914365,0.40445915449919523,5,0
1670,35.65856518244624,1,6.630849216473078,0.342338119760638,1,0
1671,25.603623576527934,4,6.226803991500932,0.17847177226882507,7,0
1672,90.70888821637827,5,7.675157160926408,0.21378802190398627,2,1
1673,17.221037109547797,1,7.0770775380583375,0.2765347391046423,9,1
1674,57.20602506132292,4,2.8529378936048904,0.07010746719221762,5,0
1675,46.935714429069535,0,4.172329422490161,0.11368237669143239,5,0
1676,98.41407552177458,6,2.134991275107625,0.3193590706649822,3,1
1677,20.08350119512471,5,2.168713120760929,0.2730137344291678,4,0
1678,45.80700391411675,1,7.085761717208853,0.10006473982028165,1,0
1679,97.2523389947832,5,8.727400962842484,0.05058451591938615,9,1
1680,87.89564133045822,1,9.664593254750251,0.15378287178450453,9,1
1681,83.5364863854352,4,6.655124057945,0.6915522433173547,7,1
1682,33.211254434044584,2,2.6569119102486125,0.14026824491255338,9,1
1683,25.379882865105923,1,1.9508531090403762,0.14356990938174255,6,0
1684,70.17788979319879,3,8.31565874383082,0.4389729116407622,9,1
1685,93.64383902148272,3,6.208808287239993,0.08713278072436374,5,0
1686,60.10866037125368,6,6.564565189123479,0.20793306992210556,6,1
1687,61.44514205229099,0,8.033158798792384,0.3243483049903616,0,0
1688,35.19811842942558,3,7.329495049592064,0.32038124030882664,4,0
1689,79.25436398727432,5,8.51012427570487,0.5368517298040583,6,1
1690,26.833937370177104,1,1.5059251491389063,0.3427225751615964,0,0
1691,39.13113127638193,3,7.727685730718544,0.47526598593775204,1,0
1692,48.28927947547751,4,8.657674815898858,0.10534958361708871,8,1
1693,55.68493408160095,2,3.575215382124829,0.15278851400091908,2,0
1694,31.816875917357223,3,6.764025465939276,0.3044384859671909,5,0
1695,20.335314226528318,7,3.827458574532749,0.3295409504431356,6,0
1696,64.95580381974693,1,9.621739598342087,0.4223416643910749,8,1
1697,35.97674979162302,3,1.300812151919534,0.1457937263681166,4,0
1698,62.31143992803511,3,6.218135594496595,0.19027607128638993,3,0
1699,23.89264437467821,1,2.498531923445636,0.5867823820404207,1,0
1700,53.30260916693357,1,7.4099818465944285,0.16448839248953384,2,0
1701,57.93304892964273,2,2.583012550767959,0.3598611779256363,4,0
1702,14.664118314018422,2,3.1184493570852183,0.3159584906770355,1,0
1703,40.294385037452855,6,5.449337299411823,0.15303929280872922,3,0
1704,22.09732092450768,1,9.233514549971902,0.10394542045588706,0,0
1705,15.703747342549097,3,2.9054293493317376,0.10918704700574147,3,0
1706,99.09642091509507,3,2.298160190062932,0.32147354816127455,6,0
1707,39.011846047725065,4,7.830791486686276,0.1883569969763341,2,0
1708,82.88870012691714,2,5.505575791005379,0.18724093814733692,9,1
1709,32.917658928738746,3,9.206066011435942,0.1333479996054381,7,0
1710,71.33524500015363,4,2.3195310144385806,0.5527386886375736,5,1
1711,78.42050739007179,2,6.813351037207354,0.36298590143164183,5,0
1712,63.60748665470599,3,3.0959123153663355,0.3218601826146428,0,0
1713,52.441856969514255,2,2.4108438578647537,0.19433813673043937,4,0
1714,47.06568227325417,4,7.150864736415435,0.24557675109408264,2,0
1715,41.39814398886958,1,6.343161579178599,0.5106842892687654,9,1
1716,93.65762298230433,3,7.793447125260981,0.4064346961319325,0,0
1717,84.75574670089563,5,3.785163188015641,0.5436633884036163,7,1
1718,96.85242195998613,2,5.03174490743971,0.26530747433675045,6,0
1719,21.186750113699027,4,4.6492450869737665,0.20320930281584138,6,0
1720,75.77807276832799,2,9.856805175698629,0.5806342524983518,9,1
1721,94.45064111389341,1,3.630240610654491,0.19898848907055783,9,1
1722,26.310975954909413,3,3.653355145120902,0.26065971928848297,9,1
1723,15.984664063009975,4,4.190933879457466,0.2417409741231218,3,0
1724,76.70085843610532,7,6.081346731612894,0.45693059248037987,5,1
1725,61.70258018619207,4,3.270904698373707,0.3484125416532701,8,1
1726,85.76458990824449,6,9.237609463413465,0.2641057473060497,2,1
1727,22.579513896366056,4,3.3911700837963714,0.5079844529021523,8,1
1728,81.57405806739011,1,9.062341584041752,0.13029739562242879,3,0
1729,28.14645880429701,1,1.9312755728192619,0.5819605145288593,4,0
1730,24.729034857913405,7,6.909064321596871,0.6408206970310617,6,0
1731,24.783921813789366,4,9.162869665944193,0.22877693201659766,5,0
1732,83.3117248208244,3,2.518744945584066,0.27158982466254894,9,1
1733,69.86774986265802,3,9.714942640893295,0.126118667803428,7,0
1734,57.07588822922074,3,5.075950243739605,0.5011906011801922,7,0
1735,42.29474357111523,3,9.51143597596922,0.6042224182502148,7,0
1736,88.94804867317974,1,7.091380392670423,0.24170320463637987,2,0
1737,45.32005966803718,1,3.7142818288619637,0.4318537222708435,9,1
1738,83.49394955244193,3,2.6947227242539578,0.29986010989415235,5,0
1739,49.52214177131966,0,3.7336154160258945,0.15903228168709843,6,0
1740,43.92499864824168,3,1.837156683364075,0.2471017825993064,8,1
1741,51.64118071026458,3,2.294811697089968,0.2925555678002268,9,1
1742,37.12400867477279,0,1.9419439631183302,0.5197670350881435,9,1
1743,77.2848442158626,2,4.8064918936740195,0.5920456625072482,3,0
1744,55.24483510832312,1,8.160205386318278,0.4169919886930303,4,0
1745,30.89914256321356,2,2.2724519879470617,0.09152168662585619,7,0
1746,90.96171159471116,4,2.172883898551023,0.5180273853605459,0,1
1747,44.55020992358903,4,6.790860545655977,0.5741454314261404,5,0
1748,58.919757500258974,1,2.7746468377125963,0.1027586596107293,3,0
1749,91.58248998680922,3,1.8784903429809243,0.10079080886657169,4,0
1750,66.18141963225929,3,2.5016372038501986,0.35503851269165476,4,0
1751,20.520823663752765,2,9.313582562890986,0.5111443903362318,1,0
1752,94.58489112521276,2,8.393241274985717,0.4435598292748708,7,0
1753,66.49372477642761,3,4.186581061195847,0.11273479814781512,1,0
1754,40.14150531913775,2,6.9023869059465355,0.2855003454385279,3,0
1755,22.534486539704854,3,5.835481063012343,0.1954686869394282,4,0
1756,81.46226703432664,2,7.094118371343075,0.12094438485985363,0,0
1757,65.80654803356622,1,7.1440403721648345,0.28292642456157396,5,0
1758,58.01149827786894,0,6.658606135539936,0.5686468218370851,1,0
1759,90.45033247458619,3,3.3949123168357773,0.39513790220363915,4,0
1760,80.97374901020777,4,1.351057786865363,0.05106486657671179,5,1
1761,23.650739175947606,4,5.10010103791098,0.0680518408495597,7,0
1762,38.05498610159934,3,9.018764962216334,0.25235906725072066,8,1
1763,32.36402258330192,3,6.125475326667183,0.32815447052001956,5,0
1764,76.95516633154092,6,8.491519375317171,0.3544594748800756,4,1
1765,13.017919126220145,4,9.924619086651052,0.2803494157542712,3,0
1766,61.29007163841849,4,2.4725458372444864,0.07413288123311607,1,1
1767,78.62128171666215,5,7.225998752277841,0.019651320521065913,1,1
1768,88.90890730855745,1,7.068642163300222,0.09530760335006327,6,0
1769,40.78735738443167,4,9.819599026224505,0.21793913708145057,4,0
1770,83.91315742048116,2,9.870406605575203,0.6152278402857084,6,0
1771,19.95685632596865,4,7.1801075055171655,0.23815077954656902,0,0
1772,86.18070625610663,5,3.1925331278397486,0.07151575407876842,0,1
1773,21.473979609878416,2,8.187002543175392,0.45824669652718414,4,0
1774,45.755856150433054,4,1.963262207899343,0.45938283732572094,1,0
1775,81.75658292015983,1,8.026293737544659,0.2084303156399907,7,0
1776,23.49256846138964,2,9.191765117302268,0.2651424502406034,2,0
1777,30.632625570937734,4,4.4455005529159175,0.19446860955434983,0,0
1778,75.00273115537597,1,6.675717654847724,0.2363090391706795,1,0
1779,74.80328828914669,1,4.871284588871436,0.5952198966105512,9,1
1780,67.70328695967676,0,4.939885494893156,0.20981339610654143,9,1
1781,72.455360002039,3,3.7933380019730807,0.11477543962969201,6,0
1782,58.84519990128366,3,7.859166584052922,0.28216284812748205,5,0
1783,32.66191530162575,4,9.425589077498547,0.2518561286520874,7,0
1784,41.11263941535275,2,9.46675773311015,0.12930590514841245,6,0
1785,26.34379451212831,3,2.5730315638744043,0.08622655286824286,9,1
1786,91.76055052002656,6,8.872692846909095,0.46049825225575997,7,1
1787,62.50526152895084,2,7.6368829728440994,0.24770294310717525,2,0
1788,46.07662750872759,2,3.2755366062126035,0.17205402875079787,5,0
1789,51.58052232797194,2,1.605561516293631,0.3324860812521394,6,0
1790,95.25550056506339,4,3.4119754019594017,0.6723753591692867,9,1
1791,23.801626280447216,1,9.20987413103373,0.2775077881023355,0,0
1792,62.76068488151175,4,6.6986080740619505,0.20320327341014577,0,1
1793,55.52998109960194,3,7.489491948080847,0.27980021225041646,6,0
1794,65.0308811891183,3,3.314371159981863,0.26711304169147154,2,0
1795,11.629916543875646,5,7.474493400173382,0.37887036587175155,2,0
1796,88.49115180497364,3,1.2530935565013137,0.4149859214662624,4,0
1797,93.89064542352511,1,4.377892111957124,0.1223576653895194,5,0
1798,60.861986523028804,1,6.640780136880981,0.6141735284544356,1,0
1799,72.6985741489203,3,2.3148690898718822,0.3348850765399721,2,0
1800,93.02494430595661,5,8.407032170022413,0.4144075415594895,5,1
1801,73.65147708820588,4,3.1152816893072677,0.4556231760720174,2,1
1802,23.72851386228352,2,6.8705300153660165,0.1839657384019185,4,0
1803,61.86595241501318,7,4.646774283177967,0.440873528644886,8,1
1804,64.60435417445703,0,6.364392359298825,0.1325286630890253,2,0
1805,48.17176041721474,4,1.967054973660173,0.05810812048726317,5,0
1806,76.27998120622506,2,1.1522151992944658,0.16074659568339153,4,0
1807,94.09303132921134,3,9.186079846422711,0.10683727767680623,4,0
1808,93.30116616160987,1,3.426670078904645,0.18860825837413925,5,0
1809,50.57554342637189,3,8.377093025024132,0.42799584721978085,5,0
1810,20.19142412566797,1,9.994152704249801,0.2702327702751874,0,0
1811,98.63570790661011,3,2.9028813219902005,0.031706199045853624,8,1
1812,85.50082778013407,6,3.3865366706502003,0.5675829440984136,4,1
1813,21.219641308294015,3,6.9657380887119915,0.21128519918629296,0,0
1814,92.87576943556351,2,9.689037711405591,0.25670463739155636,7,0
1815,88.29067258559155,1,9.242329133716694,0.42536593573854065,6,0
1816,56.69542514134649,4,5.525879680590264,0.7051345474409769,6,0
1817,63.21478921704363,4,8.155992542740522,0.19636104165803467,4,1
1818,45.910243348311724,3,2.2217126778991094,0.5521913957259339,0,0
1819,14.928547493982819,1,9.79694365783611,0.19154538336398233,8,1
1820,40.16775174813108,4,9.679179106323879,0.4550721190795117,8,1
1821,82.25681037382103,2,2.4735606209125387,0.3892436750129584,7,0
1822,10.416882070414257,4,3.6948081232279595,0.20192282728632285,4,0
1823,40.014925452202974,1,1.9013949775609023,0.347894271512641,2,0
1824,45.8351824231849,5,3.4454583900836173,0.5434896229692638,7,0
1825,58.36560426441306,3,8.34360210473686,0.42095433932295606,0,0
1826,92.78700547714844,1,4.404840464487335,0.4315786388223158,2,0
1827,41.17113949293651,2,1.7955727043208254,0.29761522376851723,6,0
1828,41.22578817066049,1,4.080029723010141,0.23438949426212505,3,0
1829,76.37511232987735,5,9.83245000817152,0.42326070502252183,6,1
1830,50.69961468008265,1,6.667152357332826,0.5120158103910301,4,0
1831,30.214434064598375,3,4.7454485176554195,0.04244818725240515,5,0
1832,50.7195564519424,2,2.49884662147543,0.21593485298186443,6,0
1833,22.67713183418199,3,9.875591175553254,0.43965848687574594,9,1
1834,25.874828785560098,2,8.387641083368159,0.2116603880972175,6,0
1835,54.853099546553175,5,3.5332957220582744,0.36458218620511906,6,0
1836,47.70329045540931,4,1.6306182614907052,0.2354897748023317,6,0
1837,92.33613109612901,5,1.5096300163980223,0.2883124305418487,6,1
1838,42.61545092049698,2,2.0834033455498044,0.12267675066149945,2,0
1839,62.25295152502391,3,6.226917252529795,0.24186025471507314,2,0
1840,66.90378591275774,2,9.358870790849432,0.6387251188917307,6,0
1841,11.178501092950027,1,5.470690852053861,0.4234033205550953,1,0
1842,69.71836348150396,3,8.586509342105774,0.46989720879685104,1,0
1843,26.02323701827763,1,5.01297957873827,0.5004585656402142,2,0
1844,96.49632857225096,7,7.377251911910427,0.15116799251290555,3,1
1845,23.379645497780167,6,7.586854635578508,0.6753832817615126,5,0
1846,47.316171135432135,3,2.5656733531300477,0.4023981640383866,7,0
1847,17.681470127077947,4,4.250944530782306,0.033235459652887,9,1
1848,99.71868266613527,1,6.735719408842215,0.3742229375461284,9,1
1849,55.19755092981183,1,1.6362694736592958,0.25456897517360294,6,0
1850,63.58465155880394,2,4.25386168986661,0.4967410774715025,3,0
1851,16.036882964958473,3,5.8131951965307325,0.5780430036334041,1,0
1852,77.496442335926,3,9.966020437401749,0.33643457975975005,1,0
1853,28.891503378602717,1,5.270802063601966,0.22414918402968134,3,0
1854,90.82488604966424,4,8.344510814028911,0.08851827173084843,5,1
1855,28.462567643380645,1,4.888605565599559,0.3126128920035,2,0
1856,27.16189485972999,3,8.16751650357738,0.4630354318255933,5,0
1857,13.289470106328539,3,6.358733214580976,0.14266101057651753,4,0
1858,52.48602505989993,1,8.979358973521585,0.3091835574236958,4,0
1859,60.83570199363548,2,4.698482971150989,0.7716138605256216,1,0
1860,15.913777548551714,4,6.43873977839331,0.15066358183922243,7,0
1861,79.79748550255096,2,6.670168125569447,0.6172240025400446,4,0
1862,50.795995127322485,0,4.7564464762042595,0.2215718560998294,1,0
1863,57.195124239482205,4,2.2988083931873335,0.2215608170914971,6,0
1864,49.668647224440534,0,1.84203466221102,0.40119679057083396,8,1
1865,46.06867547877934,2,1.150043955396698,0.08903842557883551,8,1
1866,60.36762981773961,5,8.861808378206932,0.367220011601928,0,1
1867,23.971622133764125,1,3.128274210148251,0.1266942456311641,6,0
1868,26.3735317445744,5,2.9035607435359125,0.10026682873550272,8,1
1869,87.56070589121656,4,7.62431860383459,0.6342739303480931,5,1
1870,95.15039159202695,4,3.8801450177865258,0.20233990497933269,0,1
1871,43.597838465177766,3,5.554402231706529,0.2936803961348274,1,0
1872,34.36702058291984,6,2.4625995876771065,0.7060939868330507,3,0
1873,67.95995889151142,2,9.637711493157724,0.38224026869343836,3,0
1874,46.78607539882868,4,8.664232600155136,0.48483521797746565,1,0
1875,12.284772009431038,2,8.774106606685029,0.3001248020923905,7,0
1876,24.053733762957133,5,4.660963737148047,0.4721094604514186,1,0
1877,74.43750059626578,3,7.8612509233645556,0.12031519845481507,2,0
1878,69.30315477191363,3,2.2948853985080215,0.3367312113313589,3,0
1879,12.438639325313513,3,1.0775710233260225,0.32523858519385423,8,1
1880,29.97749457396545,1,1.1797563932022532,0.20458725627448507,9,1
1881,30.796731692926425,3,6.279415636641044,0.34919088325478376,0,0
1882,70.47034692388556,6,5.098554147231467,0.3235952475791394,7,1
1883,11.773948397892774,3,5.662138140176678,0.24948831642106276,4,0
1884,19.369772378611646,1,1.0671682637549746,0.07173918942677221,6,0
1885,81.99244768358705,3,4.804179576916831,0.4122089785672231,7,0
1886,26.069019584890025,3,7.462613450807748,0.17574201004339632,4,0
1887,68.74714970666872,2,4.984243317706922,0.18079567742298291,7,0
1888,31.436450294205386,3,7.58997285681,0.20003027927350692,9,1
1889,18.949725348341065,0,3.097170679571513,0.4528044986443689,7,0
1890,31.88549718995087,8,8.31827804033553,0.544905706778155,8,1
1891,75.00402386700932,1,6.295881164081071,0.16633829620745705,1,0
1892,87.01268212956572,1,2.896867894869156,0.36814805603343614,2,0
1893,84.71978781102925,3,3.1304842826844963,0.16061553062352807,0,0
1894,45.74651766566093,2,6.652274181125834,0.22498750163245196,3,0
1895,70.12766229135815,2,8.469456338911991,0.07203607733119868,4,0
1896,28.448586587423886,3,4.740650038262396,0.05061740377237979,0,0
1897,36.383295723491194,4,3.32470386214833,0.3458663848808894,7,0
1898,90.67022366690078,3,8.803104462195403,0.1798821323473924,1,0
1899,11.170173115966243,7,7.023414625757514,0.2309096372121508,0,0
1900,17.695767776902127,3,5.032769385547689,0.34323539326432584,1,0
1901,28.70976296314246,3,5.391101757513717,0.2557664253106571,4,0
1902,12.387898348643775,3,2.8383082114275675,0.2220848437167774,8,1
1903,26.329189158081757,5,6.641223670583596,0.39795638625623786,8,1
1904,62.473740487272295,5,4.228682594885997,0.06566233304888135,1,1
1905,47.92820955332481,4,9.960806590069144,0.4583800499647827,1,0
1906,90.34045399692774,4,5.32165163735699,0.20209424263739356,2,1
1907,83.56992055645968,2,5.372970455706518,0.28114434527684945,6,0
1908,40.76356165280884,6,6.092666086696047,0.3835733044372991,2,0
1909,33.34810900881632,3,9.250804028068721,0.18499550845028062,0,0
1910,44.17231673505402,2,8.207362898737752,0.3705060992898164,5,0
1911,63.1265448263327,6,5.060170628180573,0.23608876249401511,2,1
1912,34.125727674058865,4,7.468293393755164,0.029339363118791862,0,0
1913,66.17340170642206,3,6.276119489026855,0.05414831573406099,3,0
1914,46.84704869721164,3,5.43130343831124,0.33343259805885594,0,0
1915,59.68424627667822,6,2.7308419550591547,0.11328021659513836,0,0
1916,49.2513876221785,4,5.1754263710940185,0.23182735149125464,1,0
1917,36.50191835877259,2,3.2123672832031716,0.14721255001246822,9,1
1918,95.3607976265941,1,9.233579348664891,0.4006279976404402,7,0
1919,78.72452147437848,3,4.018661321467122,0.42084780422709994,1,0
1920,22.610185818980728,4,9.570376130800351,0.1100924074025664,1,0
1921,88.16211783081215,5,5.797497610852401,0.1595391384134686,9,1
1922,53.86880784245623,6,6.683899408085443,0.20449896580838245,9,1
1923,90.50970042046822,2,5.88646400040395,0.247752264535516,7,0
1924,81.98697303525837,4,2.1644255527003082,0.021379702724627483,5,1
1925,48.26921540223101,4,4.382390971071469,0.31496524530816405,3,0
1926,12.022237748810566,0,1.8923150104986153,0.03283461589008803,2,0
1927,34.180962344645145,4,6.606586397650435,0.17542144343105673,0,0
1928,58.747079319478026,5,5.0218677568039505,0.20138763640480165,2,0
1929,67.01303978435325,2,8.001864744138432,0.058918171565168306,8,1
1930,33.20989168898821,5,2.9842343289943285,0.16677178971284154,4,0
1931,22.54204666655417,4,2.4810945258640142,0.18000579251074067,5,0
1932,85.14372131193691,5,4.6569900786739105,0.45304032115717074,4,1
1933,98.5961962633197,2,9.33926844896543,0.4257829911888244,0,0
1934,57.312116407241724,2,7.3937963351117055,0.05992465100845593,9,1
1935,25.451135726347314,0,4.7703126231362685,0.43213651652904866,0,0
1936,34.50765938674321,4,5.655449527788795,0.08352747792682547,3,0
1937,11.655160889272006,1,1.7579171005938852,0.13076543185743547,2,0
1938,92.28689259044491,2,9.861183067385017,0.11813329674910343,7,0
1939,20.597597460112702,3,6.99766574225427,0.6071916407611678,6,0
1940,61.88648279628282,2,3.568636616170802,0.26149566329909946,6,0
1941,34.66496986184854,2,6.272275547937199,0.24850005005129458,7,0
1942,59.87602022642141,1,1.9853412946209459,0.29260379207901616,9,1
1943,68.62783495166778,3,9.692530019268252,0.17952743109912536,6,0
1944,84.67676233364814,4,2.5730648909502936,0.15893682110587526,9,1
1945,28.577914458454288,6,6.832272862496928,0.06591577641137601,1,0
1946,10.989624579263243,3,3.209090162850374,0.47375047399389114,3,0
1947,22.319706706192655,2,7.458052443836822,0.580847327316781,5,0
1948,91.00167776632946,3,7.991392305162529,0.2029599347054169,2,0
1949,88.65010698062638,1,7.060777560202894,0.3473470689246897,2,0
1950,63.76717919532775,2,6.530495142296733,0.6795020205777257,5,0
1951,64.0465174390288,1,9.032221845568106,0.14506481556097342,0,0
1952,69.853300709163,3,1.7076403989078224,0.16599399979432441,0,0
1953,25.78341507611046,4,3.9782328920217567,0.49157165181170925,4,0
1954,92.29707513324638,2,3.234587316677614,0.039152253439208584,0,0
1955,47.68934724028658,2,9.892125658588794,0.27882825567538483,9,1
1956,44.48246754245477,3,4.504508017001862,0.46208591081135186,7,0
1957,56.70259347545538,2,7.593514293163588,0.09016820476995649,1,0
1958,14.226937009754954,2,7.162526474929042,0.23859980234893077,5,0
1959,24.965503188047148,3,2.9087311372963995,0.5010996535265029,9,1
1960,76.42302547837333,1,3.150979121903962,0.15510284712895794,9,1
1961,17.45188011326138,6,3.5315610719773067,0.09641786723511976,4,0
1962,64.28368985197494,2,4.700145504334413,0.2550784322319104,9,1
1963,32.081419871318886,2,3.1089255908547413,0.37639723139949033,3,0
1964,45.036605263777886,2,1.1768633447216303,0.323465553603216,0,0
1965,35.98243630936299,4,8.91453751126476,0.31803818971260006,2,0
1966,42.01054448184542,1,9.690488482427957,0.7042478666331665,3,0
1967,74.71413146658209,2,4.074133483284111,0.1397376418751744,1,0
1968,36.74095440608575,4,4.0465619148292555,0.206372099964111,1,0
1969,60.976417626720746,3,1.0638263149693388,0.4067976444095466,1,0
1970,52.84453619791897,3,7.1222561949733665,0.22285386991052647,0,0
1971,69.73040488263834,3,8.42895906173766,0.4149788786047441,9,1
1972,94.31467653922822,6,2.3194747032400285,0.6996032858341672,1,1
1973,75.93148874892253,3,2.4369971443043568,0.1736169932828987,5,0
1974,29.34463407316811,3,8.11074924974294,0.27024798260082544,2,0
1975,12.80648215551562,1,6.5466167351873015,0.35337540101836956,9,1
1976,33.603763986984255,2,1.4037450186494531,0.1660290045739577,4,0
1977,63.55701376302294,4,6.602922914160535,0.11675467175673986,0,1
1978,14.628323213582531,3,3.780259505593895,0.3593788427327753,7,0
1979,54.67296224811127,3,4.318526399237614,0.3215150819062752,3,0
1980,63.71585640252003,2,7.9275827646719215,0.25940007461251796,8,1
1981,40.08195017352647,3,8.298416734053495,0.2790982086138346,3,0
1982,79.38209833712398,1,4.603209641558475,0.09001566453357565,1,0
1983,19.593842782039463,2,9.524376424057193,0.5262539810243907,2,0
1984,16.762400356222788,2,4.65816446156865,0.17890724061036392,4,0
1985,75.5369880583243,3,7.946524317070989,0.22103672291926751,9,1
1986,54.59421845855786,5,5.3548953810783315,0.7697158596261303,5,0
1987,71.95621567849625,3,9.077790938698756,0.07127561884457646,6,0
1988,49.13446047433716,6,9.169851192851608,0.1698547058315872,3,0
1989,32.17618299151961,2,1.7867512708397548,0.08436149928098763,6,0
1990,83.71920859067798,5,9.428439981792032,0.3130040207744406,9,1
1991,81.94742910720814,6,8.429813573683742,0.26698610790878985,2,1
1992,72.5226823768984,6,8.121796428814001,0.05947916558579895,6,1
1993,34.49306235069664,3,2.808202057169702,0.38804576144280434,3,0
1994,63.12076001821784,4,8.246072878791985,0.30883695655102705,7,1
1995,42.48765072460241,3,8.651194612165332,0.19570496298363663,8,1
1996,18.242386599397072,2,3.6023530100873584,0.37202977272267873,6,0
1997,92.55822179160185,5,9.570340705260914,0.2540592717558794,7,1
1998,22.313676782706526,4,1.4487413175924782,0.3103418333867732,7,0
1999,95.52136184387221,2,2.349183279224257,0.6097111715402401,1,0
2000,50.140519566216014,0,5.838230242463629,0.42471139487152837,8,1
